id,first_name,last_name,email,gender,ip_address
1,Sonny,Gott,sgott0@slashdot.org,Female,68.19.163.143
2,Lian,Hampshaw,lhampshaw1@prnewswire.com,Female,8.14.194.8
3,Hollis,Cordelle,hcordelle2@fc2.com,Male,241.164.212.74
4,Cooper,Gabits,cgabits3@forbes.com,Male,113.194.99.164
5,Maison,Farington,mfarington4@theglobeandmail.com,Male,49.109.132.239
6,Michaela,Turmall,mturmall5@angelfire.com,Female,79.123.195.181
7,Germana,Craker,gcraker6@mozilla.com,Female,115.193.248.80
8,Dukey,Langridge,dlangridge7@networkadvertising.org,Male,123.245.123.205
9,Iain,Bristo,ibristo8@huffingtonpost.com,Male,105.87.84.157
10,Annabella,Ghirardi,aghirardi9@yahoo.co.jp,Female,206.154.67.45
11,Clevie,Miranda,cmirandaa@ow.ly,Male,118.26.35.56
12,Diarmid,Garnsworthy,dgarnsworthyb@thetimes.co.uk,Male,203.39.225.107
13,Wendell,Ginity,wginityc@goodreads.com,Male,142.150.73.47
14,Timothee,Yokel,tyokeld@alexa.com,Male,108.89.135.204
15,Dud,Tizzard,dtizzarde@wufoo.com,Male,131.238.16.209
16,Garreth,Boldison,gboldisonf@feedburner.com,Male,40.221.56.181
17,Thacher,Capewell,tcapewellg@illinois.edu,Male,53.161.203.48
18,Burton,MacCrossan,bmaccrossanh@deliciousdays.com,Male,132.133.10.113
19,Dixie,Bryce,dbrycei@mediafire.com,Female,114.240.210.70
20,Alejoa,Biford,abifordj@shareasale.com,Male,105.145.247.100
21,Nicola,Kydde,nkyddek@github.com,Male,57.234.139.122
22,Clarke,Pallent,cpallentl@blogspot.com,Male,104.93.43.144
23,Lek,Newtown,lnewtownm@auda.org.au,Male,124.176.186.5
24,Corbet,Alsina,calsinan@cargocollective.com,Male,210.72.49.179
25,Clare,Gaffney,cgaffneyo@nps.gov,Female,52.110.152.152
26,Aileen,Biggar,abiggarp@ameblo.jp,Female,148.108.85.84
27,Gerick,Costa,gcostaq@sciencedirect.com,Male,172.132.42.104
28,Sanson,Twopenny,stwopennyr@army.mil,Male,68.132.223.122
29,Aubrey,Trainor,atrainors@vk.com,Male,137.203.169.107
30,Nichole,Vost,nvostt@ft.com,Female,222.223.254.76
31,Chadwick,Treleaven,ctreleavenu@bing.com,Male,194.135.98.66
32,Cob,Frankes,cfrankesv@apache.org,Male,116.60.27.103
33,Cariotta,Baldick,cbaldickw@spiegel.de,Female,210.53.222.108
34,Valida,Sparsholt,vsparsholtx@webmd.com,Female,16.122.133.135
35,Allistir,Leabeater,aleabeatery@lulu.com,Male,155.15.133.236
36,Rufus,Henze,rhenzez@networkadvertising.org,Male,201.56.95.175
37,Verney,Biagini,vbiagini10@hibu.com,Male,242.243.191.144
38,Kalila,Measures,kmeasures11@opera.com,Female,179.147.84.241
39,Audre,Benesevich,abenesevich12@xinhuanet.com,Female,84.198.190.56
40,Marcus,Jocelyn,mjocelyn13@1und1.de,Male,132.69.0.133
41,Carine,Daily,cdaily14@xinhuanet.com,Female,218.202.185.224
42,Audrye,Urien,aurien15@weibo.com,Female,168.221.93.140
43,Hailey,McGookin,hmcgookin16@technorati.com,Male,168.153.181.206
44,Margaretta,Lillegard,mlillegard17@ucla.edu,Female,134.187.207.229
45,Travers,Watterson,twatterson18@prnewswire.com,Male,158.180.72.135
46,Riva,Ropcke,rropcke19@ucoz.ru,Female,64.252.7.145
47,Valli,Hallan,vhallan1a@trellian.com,Female,182.150.194.101
48,Ursala,Benwell,ubenwell1b@surveymonkey.com,Female,248.141.100.39
49,Jermain,Coope,jcoope1c@hc360.com,Male,186.6.39.217
50,Auguste,Reyburn,areyburn1d@mashable.com,Female,241.57.111.206
